duration,protocol_type,service,flag,src_bytes,dst_bytes,land,wrong_fragment,urgent,hot,num_failed_logins,logged_in,num_compromised,root_shell,su_attempted,num_root,num_file_creations,num_shells,num_access_files,num_outbound_cmds,is_host_login,is_guest_login,count,srv_count,serror_rate,srv_serror_rate,rerror_rate,srv_rerror_rate,same_srv_rate,diff_srv_rate,srv_diff_host_rate,dst_host_count,dst_host_srv_count,dst_host_same_srv_rate,dst_host_diff_srv_rate,dst_host_same_src_port_rate,dst_host_srv_diff_host_rate,dst_host_serror_rate,dst_host_srv_serror_rate,dst_host_rerror_rate,dst_host_srv_rerror_rate,prediction,anomaly_score
0,tcp,http,SF,236,16257,0,0,0,0,0,1,0,0,0,0,0,0,0,0,0,0,4,4,0.0,0.0,0.0,0.0,1.0,0.0,0.0,4,255,1.0,0.0,0.25,0.06,0.0,0.0,0.0,0.0,normal,1.0
0,tcp,http,SF,169,4997,0,0,0,0,0,1,0,0,0,0,0,0,0,0,0,0,1,17,0.0,0.0,0.0,0.0,1.0,0.0,0.18,63,255,1.0,0.0,0.02,0.02,0.0,0.0,0.0,0.0,normal,1.0
0,tcp,http,SF,289,9522,0,0,0,0,0,1,0,0,0,0,0,0,0,0,0,0,23,44,0.0,0.0,0.0,0.0,1.0,0.0,0.05,99,255,1.0,0.0,0.01,0.03,0.0,0.0,0.0,0.0,normal,1.0
0,tcp,http,SF,295,757,0,0,0,0,0,1,0,0,0,0,0,0,0,0,0,0,3,4,0.0,0.0,0.0,0.0,1.0,0.0,0.5,255,255,1.0,0.0,0.0,0.0,0.0,0.0,0.0,0.0,normal,1.0
0,tcp,http,SF,322,396,0,0,0,0,0,1,0,0,0,0,0,0,0,0,0,0,40,42,0.0,0.0,0.0,0.0,1.0,0.0,0.07,40,241,1.0,0.0,0.03,0.03,0.0,0.0,0.0,0.0,normal,1.0
0,tcp,smtp,SF,720,281,0,0,0,0,0,1,0,0,0,0,0,0,0,0,0,0,1,2,0.0,0.0,0.0,0.0,1.0,0.0,1.0,158,82,0.52,0.06,0.01,0.0,0.01,0.0,0.0,0.0,normal,1.0
0,tcp,http,SF,300,440,0,0,0,0,0,1,0,0,0,0,0,0,0,0,0,0,7,7,0.0,0.0,0.0,0.0,1.0,0.0,0.0,255,255,1.0,0.0,0.0,0.0,0.0,0.0,0.0,0.0,normal,1.0
0,tcp,http,SF,294,6442,0,0,0,0,0,1,0,0,0,0,0,0,0,0,0,0,22,46,0.0,0.0,0.0,0.0,1.0,0.0,0.11,180,255,1.0,0.0,0.01,0.01,0.0,0.0,0.0,0.0,normal,1.0
0,tcp,http,SF,277,1816,0,0,0,0,0,1,0,0,0,0,0,0,0,0,0,0,17,18,0.0,0.0,0.0,0.0,1.0,0.0,0.11,36,255,1.0,0.0,0.03,0.02,0.0,0.0,0.0,0.0,normal,1.0
0,tcp,http,SF,196,1823,0,0,0,0,0,1,0,0,0,0,0,0,0,0,0,0,17,17,0.0,0.0,0.0,0.0,1.0,0.0,0.0,255,255,1.0,0.0,0.0,0.0,0.0,0.0,0.0,0.0,normal,1.0
0,tcp,http,SF,246,2090,0,0,0,0,0,1,0,0,0,0,0,0,0,0,0,0,16,16,0.0,0.0,0.0,0.0,1.0,0.0,0.0,35,255,1.0,0.0,0.03,0.05,0.0,0.0,0.0,0.0,normal,1.0
0,tcp,http,SF,213,659,0,0,0,0,0,1,0,0,0,0,0,0,0,0,0,0,24,24,0.0,0.0,0.0,0.0,1.0,0.0,0.0,255,255,1.0,0.0,0.0,0.0,0.0,0.0,0.0,0.0,normal,1.0
0,tcp,http,SF,235,892,0,0,0,0,0,1,0,0,0,0,0,0,0,0,0,0,2,9,0.0,0.0,0.0,0.0,1.0,0.0,0.33,255,255,1.0,0.0,0.0,0.0,0.0,0.0,0.0,0.0,normal,1.0
0,udp,domain_u,SF,32,86,0,0,0,0,0,0,0,0,0,0,0,0,0,0,0,0,2,8,0.0,0.0,0.0,0.0,1.0,0.0,0.62,255,232,0.91,0.01,0.01,0.0,0.0,0.0,0.0,0.0,normal,1.0
0,tcp,http,SF,295,278,0,0,0,0,0,1,0,0,0,0,0,0,0,0,0,0,6,21,0.0,0.0,0.0,0.0,1.0,0.0,0.24,255,255,1.0,0.0,0.0,0.0,0.0,0.0,0.0,0.0,normal,1.0
0,tcp,http,SF,293,1907,0,0,0,0,0,1,0,0,0,0,0,0,0,0,0,0,7,7,0.0,0.0,0.0,0.0,1.0,0.0,0.0,7,255,1.0,0.0,0.14,0.03,0.0,0.0,0.0,0.0,normal,1.0
0,tcp,http,SF,246,332,0,0,0,0,0,1,0,0,0,0,0,0,0,0,0,0,3,3,0.0,0.0,0.0,0.0,1.0,0.0,0.0,238,255,1.0,0.0,0.0,0.01,0.0,0.0,0.0,0.0,normal,1.0
0,tcp,http,SF,318,3928,0,0,0,0,0,1,0,0,0,0,0,0,0,0,0,0,1,32,0.0,0.0,0.0,0.0,1.0,0.0,0.09,6,255,1.0,0.0,0.17,0.04,0.0,0.0,0.0,0.0,normal,1.0
0,tcp,http,SF,326,921,0,0,0,0,0,1,0,0,0,0,0,0,0,0,0,0,12,16,0.0,0.0,0.0,0.0,1.0,0.0,0.19,255,255,1.0,0.0,0.0,0.0,0.0,0.0,0.0,0.0,normal,1.0
0,tcp,http,SF,220,1002,0,0,0,0,0,1,0,0,0,0,0,0,0,0,0,0,6,6,0.0,0.0,0.0,0.0,1.0,0.0,0.0,104,255,1.0,0.0,0.01,0.03,0.0,0.0,0.0,0.0,normal,1.0
0,tcp,http,SF,367,8215,0,0,0,0,0,1,0,0,0,0,0,0,0,0,0,0,6,15,0.0,0.0,0.0,0.0,1.0,0.0,0.13,75,255,1.0,0.0,0.01,0.03,0.01,0.0,0.0,0.0,normal,1.0
0,tcp,http,SF,234,3236,0,0,0,0,0,1,0,0,0,0,0,0,0,0,0,0,8,21,0.0,0.0,0.0,0.0,1.0,0.0,0.1,255,255,1.0,0.0,0.0,0.0,0.0,0.0,0.0,0.0,normal,1.0
0,tcp,http,SF,335,3228,0,0,0,0,0,1,0,0,0,0,0,0,0,0,0,0,49,50,0.0,0.0,0.0,0.0,1.0,0.0,0.04,255,255,1.0,0.0,0.0,0.0,0.0,0.0,0.0,0.0,normal,1.0
0,tcp,http,SF,321,2715,0,0,0,0,0,1,0,0,0,0,0,0,0,0,0,0,29,37,0.03,0.05,0.0,0.0,1.0,0.0,0.08,29,255,1.0,0.0,0.03,0.04,0.03,0.0,0.0,0.0,normal,1.0
0,tcp,http,SF,277,4968,0,0,0,0,0,1,0,0,0,0,0,0,0,0,0,0,13,13,0.0,0.0,0.0,0.0,1.0,0.0,0.0,13,255,1.0,0.0,0.08,0.01,0.0,0.0,0.0,0.0,normal,1.0
0,udp,domain_u,SF,43,71,0,0,0,0,0,0,0,0,0,0,0,0,0,0,0,0,113,113,0.0,0.0,0.0,0.0,1.0,0.0,0.0,255,254,1.0,0.01,0.0,0.0,0.0,0.0,0.0,0.0,normal,1.0
0,tcp,http,SF,209,12894,0,0,0,0,0,1,0,0,0,0,0,0,0,0,0,0,11,11,0.0,0.0,0.0,0.0,1.0,0.0,0.0,255,255,1.0,0.0,0.0,0.0,0.0,0.0,0.0,0.0,normal,1.0
0,tcp,http,SF,301,19794,0,0,0,0,0,1,0,0,0,0,0,0,0,0,0,0,15,15,0.0,0.0,0.0,0.0,1.0,0.0,0.0,20,255,1.0,0.0,0.05,0.02,0.05,0.0,0.0,0.0,normal,1.0
0,tcp,http,SF,239,4073,0,0,0,0,0,1,0,0,0,0,0,0,0,0,0,0,1,1,0.0,0.0,0.0,0.0,1.0,0.0,0.0,255,255,1.0,0.0,0.0,0.0,0.0,0.0,0.0,0.0,normal,1.0
0,tcp,http,SF,207,1410,0,0,0,0,0,1,0,0,0,0,0,0,0,0,0,0,18,22,0.0,0.0,0.0,0.0,1.0,0.0,0.14,255,255,1.0,0.0,0.0,0.0,0.0,0.0,0.0,0.0,normal,1.0
0,tcp,http,SF,318,1707,0,0,0,0,0,1,0,0,0,0,0,0,0,0,0,0,10,13,0.0,0.0,0.0,0.0,1.0,0.0,0.15,29,255,1.0,0.0,0.03,0.02,0.0,0.0,0.0,0.0,normal,1.0
0,udp,domain_u,SF,44,79,0,0,0,0,0,0,0,0,0,0,0,0,0,0,0,0,212,212,0.0,0.0,0.0,0.0,1.0,0.0,0.0,255,255,1.0,0.0,0.01,0.0,0.0,0.0,0.0,0.0,normal,1.0
0,tcp,http,SF,281,2393,0,0,0,0,0,1,0,0,0,0,0,0,0,0,0,0,3,9,0.0,0.0,0.0,0.0,1.0,0.0,0.22,169,255,1.0,0.0,0.01,0.02,0.0,0.0,0.0,0.0,normal,1.0
0,tcp,http,SF,353,285,0,0,0,0,0,1,0,0,0,0,0,0,0,0,0,0,21,21,0.0,0.0,0.0,0.0,1.0,0.0,0.0,255,255,1.0,0.0,0.0,0.0,0.0,0.0,0.0,0.0,normal,1.0
0,tcp,http,SF,295,278,0,0,0,0,0,1,0,0,0,0,0,0,0,0,0,0,17,21,0.0,0.0,0.0,0.0,1.0,0.0,0.19,255,255,1.0,0.0,0.0,0.0,0.0,0.0,0.0,0.0,normal,1.0
0,tcp,http,SF,277,1984,0,0,0,0,0,1,0,0,0,0,0,0,0,0,0,0,14,18,0.0,0.0,0.0,0.0,1.0,0.0,0.17,255,255,1.0,0.0,0.0,0.0,0.0,0.0,0.0,0.0,normal,1.0
0,tcp,http,SF,257,8712,0,0,0,0,0,1,0,0,0,0,0,0,0,0,0,0,2,20,0.0,0.0,0.0,0.0,1.0,0.0,0.2,255,255,1.0,0.0,0.0,0.0,0.0,0.0,0.0,0.0,normal,1.0
0,tcp,http,SF,282,396,0,0,0,0,0,1,0,0,0,0,0,0,0,0,0,0,8,8,0.0,0.0,0.0,0.0,1.0,0.0,0.0,255,255,1.0,0.0,0.0,0.0,0.0,0.0,0.0,0.0,normal,1.0
0,tcp,http,SF,229,509,0,0,0,0,0,1,0,0,0,0,0,0,0,0,0,0,1,1,0.0,0.0,0.0,0.0,1.0,0.0,0.0,21,255,1.0,0.0,0.05,0.04,0.0,0.0,0.0,0.0,normal,1.0
0,tcp,http,SF,256,4926,0,0,0,0,0,1,0,0,0,0,0,0,0,0,0,0,1,41,0.0,0.0,0.0,0.0,1.0,0.0,0.07,255,241,0.95,0.02,0.0,0.0,0.0,0.0,0.0,0.0,normal,1.0
0,tcp,http,SF,318,488,0,0,0,0,0,1,0,0,0,0,0,0,0,0,0,0,3,16,0.0,0.0,0.0,0.0,1.0,0.0,0.12,3,156,1.0,0.0,0.33,0.04,0.0,0.01,0.0,0.0,normal,1.0
0,tcp,http,SF,212,16244,0,0,0,0,0,1,0,0,0,0,0,0,0,0,0,0,7,23,0.0,0.0,0.0,0.0,1.0,0.0,0.09,7,255,1.0,0.0,0.14,0.05,0.0,0.0,0.0,0.0,normal,1.0
0,udp,domain_u,SF,44,130,0,0,0,0,0,0,0,0,0,0,0,0,0,0,0,0,91,170,0.0,0.0,0.0,0.0,1.0,0.0,0.01,255,255,1.0,0.0,0.0,0.0,0.0,0.0,0.0,0.0,normal,1.0
0,tcp,http,SF,212,5466,0,0,0,0,0,1,0,0,0,0,0,0,0,0,0,0,5,5,0.0,0.0,0.0,0.0,1.0,0.0,0.0,162,255,1.0,0.0,0.01,0.04,0.0,0.0,0.0,0.0,normal,1.0
0,tcp,http,SF,218,4833,0,0,0,0,0,1,0,0,0,0,0,0,0,0,0,0,1,1,0.0,0.0,0.0,0.0,1.0,0.0,0.0,38,253,1.0,0.0,0.03,0.02,0.05,0.01,0.0,0.0,normal,1.0
0,tcp,http,SF,205,1405,0,0,0,0,0,1,0,0,0,0,0,0,0,0,0,0,16,28,0.0,0.07,0.0,0.0,1.0,0.0,0.11,255,255,1.0,0.0,0.0,0.0,0.0,0.0,0.0,0.0,normal,1.0
116,tcp,http,SF,222,242,0,0,0,0,0,1,0,0,0,0,0,0,0,0,0,0,3,16,0.0,0.0,0.0,0.06,1.0,0.0,0.19,216,255,1.0,0.0,0.0,0.02,0.0,0.0,0.0,0.0,normal,1.0
1,tcp,smtp,SF,1023,336,0,0,0,0,0,1,0,0,0,0,0,0,0,0,0,0,1,3,0.0,0.0,0.0,0.0,1.0,0.0,1.0,150,98,0.65,0.03,0.01,0.0,0.01,0.01,0.0,0.0,normal,1.0
0,tcp,http,SF,234,267,0,0,0,0,0,1,0,0,0,0,0,0,0,0,0,0,10,10,0.0,0.0,0.0,0.0,1.0,0.0,0.0,10,255,1.0,0.0,0.1,0.03,0.0,0.0,0.0,0.0,normal,1.0
0,tcp,http,SF,330,2197,0,0,0,0,0,1,0,0,0,0,0,0,0,0,0,0,22,22,0.0,0.0,0.0,0.0,1.0,0.0,0.0,146,255,1.0,0.0,0.01,0.03,0.0,0.0,0.0,0.0,normal,1.0
